DlRemove	remove people from distribution list
DoxHelp	Need help with DOX
DoxKeyword	How can I create a new DOX site
DoxKeyword	how can I save a video to DOX
DoxKeyword	I need a DOX survey created
DoxKeyword	What is DOX
DoxKeyword	what's the DOX link
DriveAccessShare	how can i access my one drive
DriveConnect	Error message when connecting to drive on mac
DriveFind	can't see my one drive files
DriveFind	cant find one drive on my office pc
DriveFind	cant find one drive on my office pc
DriveFind	cant find one drive on my office pc
DriveSync	OneDrive not syncing
DriveSync	OneDrive not syncing
Intent 	all changed